00000000,A0:0B:BA
00041658,B8:A3:86
00120519,60:A4:4C
00302302,BC:EE:7B
00478306,5C:33:8E
01004564,50:46:5D
01227989,E0:CB:4E
01863530,BC:EE:7B
02028097,DC:53:7C
02028097,5C:35:3B
02256515,CC:5D:4E
02769282,F4:EC:38
03106558,00:1D:CE
03511653,80:1F:02
03511653,00:E0:4C
03898668,10:BF:48
04383741,D4:7B:B0
04383741,D8:FB:5E
04614485,D0:AE:EC
04868756,F0:7D:68
05805455,B8:A3:86
06659707,D4:7B:B0
06659707,D8:FB:5E
06693622,2C:B0:5D
06787488,00:1A:2B
06883319,C0:4A:00
07199538,00:1C:F0
07251474,E4:C1:46
07383751,E4:C1:46
07383751,D8:61:94
07806261,00:26:CE
07830512,C8:BE:19
08054319,5C:33:8E
08420143,D4:BF:7F
08674175,00:26:5A
08677934,D4:BF:7F
08841724,EC:43:F6
09871311,D8:FB:5E
10000000,E4:C1:46
10000000,68:F9:56
10121276,08:60:6E
10306000,60:A4:4C
10423411,00:26:CE
10465710,C8:3A:35
10581425,54:A0:50
10698882,CC:5D:4E
11146801,2C:E4:12
11146801,7C:03:D8
11146801,D8:6C:E9
11146801,14:D6:4D
11146801,1C:7E:E5
11146801,28:10:7B
11146801,84:C9:B2
11146801,B8:A3:86
11146801,BC:F6:85
11146801,C8:BE:19
11146801,C8:D3:A3
11146801,CC:B2:55
11146801,FC:75:16
11146801,20:4E:7F
11146801,4C:17:EB
11146801,18:62:2C
11507701,00:26:CE
11568951,5C:33:8E
11647359,00:26:24
11764364,34:8A:AE
11905541,D8:FB:5E
11905541,D4:7B:B0
12010112,50:46:5D
12012259,30:46:9A
12015427,40:F2:01
12046568,00:1C:F0
12144549,40:4A:03
12252602,D8:50:E6
12352861,64:87:D7
12390001,E4:C1:46
12390001,D8:61:94
12738003,00:1C:A8
12821994,18:62:2C
13023403,18:1E:78
13023403,40:F2:01
13023403,44:E9:DD
13023403,D0:84:B0
13958288,1C:BD:B9
13968427,00:1C:A8
14041206,34:8A:AE
14116182,00:26:CE
14156836,D8:5D:4C
14411540,AC:22:0B
14636987,5C:33:8E
14693432,78:24:AF
14793691,34:8A:AE
14839643,00:24:8C
14873753,EC:43:F6
15289681,34:8A:AE
15476692,00:26:CE
15653790,00:26:CE
16083561,D0:D4:12
16083561,30:39:F2
16083561,74:88:8B
16083561,A4:52:6F
16083561,DC:0B:1A
16128396,58:6D:8F
16128396,F4:3E:61
16128396,50:67:F0
16186071,1A:0B:40
16212558,00:1F:1F
16426654,34:8A:AE
16620186,F8:D1:11
16675496,1C:BD:B9
16691898,34:08:04
16713808,64:70:02
16792302,FC:F5:28
16971930,BC:F6:85
17044327,F4:EC:38
17044327,50:67:F0
17444303,40:F2:01
17808794,00:26:44
17988070,F0:82:61
18458626,78:54:2E
18480223,D4:BF:7F
18571291,B8:A3:86
18662719,F4:EC:38
18662719,50:67:F0
18739662,F8:D1:11
18991415,C4:3D:C7
18991415,F4:C7:14
19395632,B4:74:9F
19405212,08:86:3B
19533852,1C:BD:B9
19592303,00:26:CE
20005720,78:24:AF
20087124,78:24:AF
20215332,74:D0:2B
20462066,00:1D:19
20462066,00:1D:7E
20741262,C4:3D:C7
20789840,F4:EC:38
20789840,50:67:F0
21010116,00:26:CE
21091434,D0:AE:EC
21093571,00:26:5A
21255759,DC:53:7C
21255759,5C:35:3B
21266524,C8:6C:87
21699337,54:04:A6
21808045,00:23:CD
22054100,60:A4:4C
22099903,5C:33:8E
22330323,D4:BF:7F
22480280,10:BF:48
22608332,F4:EC:38
22608332,50:67:F0
22680781,64:87:D7
23082100,78:24:AF
23124585,00:1D:D2
23253061,F8:8E:85
23504266,A0:F3:C1
24065999,D4:BF:7F
24065999,F8:C0:91
24065999,78:44:76
24065999,00:14:D1
24145709,00:1C:A8
24358914,34:8A:AE
24488183,C8:91:F9
24557186,00:26:5A
24557186,1C:BD:B9
24557186,34:08:04
24557186,5C:D9:98
24557186,84:C9:B2
24557186,FC:75:16
24631758,98:97:D1
24631758,34:57:60
24631758,E0:41:36
24631758,32:57:60
24686745,D0:0F:6D
24686745,00:0C:43
24816540,90:F6:52
24853422,54:A0:50
25058394,F8:8E:85
25058394,D8:B6:B7
25221417,84:A4:23
25221417,8C:10:D4
25221417,88:A6:C6
25406944,80:1F:02
25406944,00:24:A5
25544934,7C:D3:4C
25544934,94:FE:F4
25655405,84:C9:B2
25671191,F8:8E:85
25995187,40:4A:03
26041687,5C:33:8E
26112558,00:1F:1F
26151030,5C:33:8E
26184755,7A:D1:5E
26440529,98:97:D1
26551511,00:26:CE
26623357,7C:4F:B5
26704201,1C:7E:E5
26817976,F4:EC:38
26817976,50:67:F0
26920287,00:26:44
27440515,50:46:5D
27667552,18:62:2C
28133049,00:26:CE
28260280,28:28:5D
28385174,58:6D:8F
28385174,F4:3E:61
28444558,00:1F:1F
28470975,34:8A:AE
28648035,CC:5D:4E
28773551,00:18:E7
28773551,00:14:D1
29071920,54:6E:FC
29123333,2C:39:96
29334315,F0:82:61
29479281,98:97:D1
29479281,34:57:60
29479281,E0:41:36
29479281,32:57:60
29488104,F0:7D:68
29556711,5C:33:8E
29604656,00:1C:F0
29834112,00:1A:2B
29834112,18:F1:45
29850952,F8:3D:FF
30034420,40:16:7E
30253546,14:D6:4D
30335518,34:8A:AE
30371343,BC:EE:7B
30591954,D4:BF:7F
31350701,34:57:60
31350701,E0:41:36
31350701,32:57:60
31367581,2C:E4:12
31367581,7C:03:D8
31367581,D8:6C:E9
31550701,E0:41:36
31550701,98:97:D1
31836221,D0:AE:EC
32234622,10:C6:1F
32578926,E0:CB:4E
32774384,1C:BD:B9
32789346,34:8A:AE
32959598,C8:60:00
33491169,00:26:5A
33896926,00:22:B0
33958987,C0:C1:C0
33958987,CC:96:77
33958987,38:60:77
34185922,4C:60:DE
34206380,D8:50:E6
35000187,84:1B:5E
35037015,D8:FE:E3
35050799,B8:A3:86
35075693,5C:33:8E
35076737,D0:D4:12
35076737,30:39:F2
35076737,74:88:8B
35076737,A4:52:6F
35076737,DC:0B:1A
35595261,5A:8E:85
35595261,F8:8E:85
35832647,00:26:CE
35927068,34:8A:AE
36096916,98:97:D1
36272376,34:8A:AE
36724835,5C:33:8E
36929865,84:C9:B2
36979761,08:60:6E
37143691,F4:EC:38
37143691,50:67:F0
37224392,E0:41:36
37224392,98:97:D1
37224392,34:57:60
37224392,32:57:60
37327745,84:C9:B2
37496863,40:F2:01
37561062,F0:7D:68
37573517,D8:61:94
37573517,EC:C1:46
37573517,E4:C1:46
37573517,04:8D:38
38260337,E0:CB:4E
38295243,00:66:4B
38295243,08:63:61
38295243,08:7A:4C
38295243,0C:96:BF
38295243,14:B9:68
38295243,20:08:ED
38295243,24:69:A5
38295243,34:6B:D3
38295243,78:6A:89
38295243,88:E3:AB
38295243,9C:C1:72
38295243,AC:E2:15
38295243,D0:7A:B5
38295243,CC:A2:23
38295243,E8:CD:2D
38295243,F8:01:13
38295243,F8:3D:FF
38469398,B0:B2:DC
38473344,34:08:04
38615991,20:4E:7F
38670101,C4:A8:1D
38982093,54:04:A6
39036443,00:1F:C6
39093464,34:8A:AE
39111013,00:24:17
39111013,00:24:01
39423236,34:8A:AE
40167758,5C:33:8E
40181310,A0:21:B7
40221322,74:D0:2B
40362324,AC:22:0B
40655381,D0:D4:12
40655381,30:39:F2
40655381,74:88:8B
40655381,A4:52:6F
40655381,DC:0B:1A
40722812,20:4E:7F
41059173,E0:CB:4E
41080821,84:C9:B2
41084315,00:23:69
41280223,34:8A:AE
41423039,34:8A:AE
41433434,B8:A3:86
41488322,D8:FB:5E
41515435,18:62:2C
41649143,F8:1A:67
42012034,60:A4:4C
42191458,00:26:CE
42308131,34:8A:AE
42596538,34:8A:AE
42677255,BC:EE:7B
42707594,D0:AE:EC
42765550,E0:CB:4E
42765550,EC:43:F6
42791430,F4:EC:38
42791430,50:67:F0
43062463,40:F2:01
43084313,E4:C1:46
43084313,D8:61:94
43114735,D8:FB:5E
43537424,4C:60:DE
43923962,34:8A:AE
44008411,00:26:CE
44161967,00:05:CA
44478177,F4:6D:04
44545723,00:26:CE
44756200,14:A9:E3
45204670,F0:7D:68
45233661,00:07:26
45386585,AC:22:0B
45589340,08:60:6E
45796432,BC:F6:85
45904840,C0:C1:C0
46024402,D8:50:E6
46417967,00:26:5A
46483166,C8:D3:A3
46705411,00:26:CE
46757496,28:10:7B
46818665,10:BF:48
46927411,00:26:CE
47103180,34:8A:AE
47259339,34:08:04
47652723,40:4A:03
47659836,F4:6D:04
48031062,C4:3D:C7
48065735,F0:82:61
48165639,F0:7D:68
48325262,C4:3D:C7
48958633,5C:33:8E
48971630,F0:7D:68
49772045,94:44:52
49809835,58:98:35
49921928,14:DA:E9
49938890,34:8A:AE
50285561,90:F6:52
50349953,34:8A:AE
50465501,58:6D:8F
50719859,00:21:29
50761511,00:26:CE
50888852,F8:D1:11
50922600,00:1E:58
50974164,D4:BF:7F
51162106,30:85:A9
51191759,00:72:63
51191759,E4:BE:ED
51194295,98:97:D1
51248071,00:1A:A9
51572181,34:8A:AE
51641283,00:1C:A8
51664561,00:18:02
52046700,5C:33:8E
52382013,54:04:A6
52546002,50:67:F0
52699562,F4:EC:38
52699562,50:67:F0
53069805,18:62:2C
53184900,7C:4F:B5
53380511,00:26:CE
53495170,F0:82:61
53887546,64:87:D7
54172326,84:C9:B2
54172326,18:62:2C
54172326,1C:7E:E5
54172326,20:4E:7F
54172326,2C:E4:12
54172326,7C:03:D8
54172326,D8:6C:E9
54172326,14:D6:4D
54172326,28:10:7B
54172326,B8:A3:86
54172326,BC:F6:85
54172326,C8:BE:19
54172326,FC:75:16
54172326,4C:17:EB
54172326,C8:D3:A3
54172326,CC:B2:55
54227655,E0:CB:4E
54421400,D8:50:E6
54830453,CC:5D:4E
55013318,5C:D9:98
55328593,40:4A:03
55465902,08:10:74
55623539,98:FC:11
55796477,BC:AE:C5
56031182,00:18:E7
56042494,D4:BF:7F
56046412,C8:D3:A3
56259461,00:1A:2B
56438411,00:26:CE
56591714,68:C0:6F
56804315,00:1A:2B
56820436,28:C6:8E
56946112,20:4E:7F
56962428,08:60:6E
56964002,34:8A:AE
57315650,F0:82:61
58184862,00:14:D1
58590889,F0:82:61
58654271,00:26:5A
58725775,E8:DE:27
59047681,F4:EC:38
59047681,50:67:F0
59151391,00:26:CE
59755292,00:1C:F0
60220354,BC:EE:7B
60503114,78:24:AF
61041006,34:8A:AE
61206973,48:5B:39
61446777,34:8A:AE
61585012,A0:21:B7
61844517,1C:BD:B9
61860724,F0:7D:68
62032124,D4:BF:7F
62105541,00:1D:D2
62151672,74:44:01
62543121,BC:EE:7B
62680600,34:8A:AE
62884174,30:39:F2
62884174,74:88:8B
62884174,A4:52:6F
62884174,DC:0B:1A
63170212,00:4F:62
63282786,18:62:2C
63783081,F0:82:61
63834194,00:1D:D2
63845802,F8:C0:91
64009382,00:26:5B
6404421,E0:CB:4E
64084491,E8:94:F6
64121350,78:24:AF
64185976,00:26:24
64185976,44:32:C8
64185976,88:F7:C7
64185976,CC:03:FA
64203421,54:A0:50
64227012,20:4E:7F
65622063,34:08:04
65640461,74:D0:2B
65688627,7C:4F:B5
66438935,F8:1A:67
66496425,CC:5D:4E
66555883,FC:75:16
66785112,DC:0B:1A
66805535,4C:60:DE
67149250,D4:BF:7F
67200515,34:8A:AE
67331307,1C:BD:B9
67577211,D8:FB:5E
67596753,F0:7D:68
67755411,00:26:CE
68065799,00:1C:F0
68067089,00:1C:A8
68215211,BC:AE:C5
68344362,34:8A:AE
68354994,E0:91:F5
68414681,1C:BD:B9
68463881,38:72:C0
68463881,00:38:72
68463881,00:1A:A9
68463881,F8:8E:85
68509031,D4:7B:B0
68551920,F0:82:61
68604505,72:3D:FF
68749781,E4:C1:46
68749781,D8:61:94
68975948,00:22:B0
69000364,54:67:51
69050497,34:8A:AE
69362532,F0:82:61
69820577,AC:E8:7B
69848454,00:01:23
69962936,34:8A:AE
70056682,BC:AE:C5
70155132,78:24:AF
70259111,C8:3A:35
70353260,D0:AE:EC
70403271,1C:BD:B9
70429503,30:46:9A
70638451,00:26:E8
70702488,00:1D:73
70920288,D0:D4:12
70920288,30:39:F2
70920288,74:88:8B
70920288,A4:52:6F
70920288,DC:0B:1A
71404314,78:24:AF
71428491,30:46:9A
71704537,F4:6D:04
71729374,00:0C:C3
71979234,D0:D4:12
71979234,30:39:F2
71979234,74:88:8B
71979234,A4:52:6F
71979234,DC:0B:1A
72023134,78:24:AF
72391763,D4:BF:7F
72527102,B8:A3:86
72527102,38:72:C0
72527102,F8:8E:85
72527102,AC:22:0B
72527102,02:10:18
72527102,14:14:4B
72527102,28:10:7B
72527102,2C:E4:12
72527102,7C:03:D8
72527102,D8:6C:E9
72527102,AC:F1:DF
72527102,BC:F6:85
72527102,C8:D3:A3
72527102,98:8B:5D
72527102,00:1A:A9
72527102,EC:62:64
72527102,D8:B6:B7
73205674,1C:7E:E5
73554985,DC:53:7C
73554985,5C:35:3B
73700702,14:D6:4D
73927273,00:1D:D1
74021136,10:BF:48
74100930,78:24:AF
74161052,78:24:AF
74184059,F4:EC:38
74184059,50:67:F0
74656053,84:C9:B2
74730146,00:21:29
74764400,74:44:01
74856190,F4:EC:38
74856190,50:67:F0
74984631,00:4F:67
75010951,34:8A:AE
75651453,F0:82:61
75651721,F8:8E:85
75651721,D8:B6:B7
75744779,00:24:01
75978901,00:24:01
76180013,14:D6:D4
76215050,00:26:CE
76506615,F4:EC:38
76506615,50:67:F0
76543210,00:1A:2B
76965791,D0:D4:12
76965791,30:39:F2
76965791,74:88:8B
76965791,A4:52:6F
76965791,DC:0B:1A
77150297,40:4A:03
77218540,5C:33:8E
77474944,F4:EC:38
77474944,50:67:F0
77653345,B0:48:7A
77755964,34:8A:AE
77786724,F4:EC:38
77786724,50:67:F0
78000623,50:67:A0
78250202,C4:3D:C7
78342091,F8:D1:11
78447846,DC:53:7C
78447846,5C:35:3B
78784574,FC:F5:28
78800995,C8:D5:FE
78800995,00:22:6B
78995217,8C:CA:32
79519087,00:25:9C
79519087,00:19:18
79519087,4C:17:EB
79586937,5C:33:8E
79642651,00:1A:2B
79642651,00:1A:A9
79642651,2C:E4:12
79642651,7C:03:D8
79642651,D8:6C:E9
80034230,54:A0:50
80058032,60:A4:4C
80402721,AC:9E:17
80616140,6A:1D:67
80692223,D4:BF:7F
80702353,78:24:AF
80790431,D0:D4:12
80790431,30:39:F2
80790431,74:88:8B
80790431,A4:52:6F
80790431,DC:0B:1A
80794909,34:8A:AE
80855785,10:BF:48
80955969,"64:66:6б"
80955969,"64:66:6С"
81195549,18:62:2C
81255786,34:8A:AE
81679580,40:F2:01
81874284,00:22:3F
81923052,CO:3F:0E
81923052,C0:3F:0E
82074403,00:0C:F1
82147776,D8:FB:5E
82147776,D4:7B:B0
82451776,34:8A:AE
82466811,40:4A:03
82617451,00:48:7A
82693745,F0:82:61
82721468,90:F6:52
83455975,34:8A:AE
83669336,00:19:15
83715837,00:05:CA
83720761,D0:D4:12
83720761,30:39:F2
83720761,74:88:8B
83720761,A4:52:6F
83720761,DC:0B:1A
84149051,90:F6:52
84238416,F0:82:61
84354639,94:44:52
84600024,00:AC:E0
84600024,08:3E:0C
84600024,E8:3E:FC
84625001,74:44:01
84652447,88:25:2C
84674186,74:D0:2B
84846264,B8:A3:86
84846264,BC:F6:85
84846264,C8:60:00
84846264,FC:75:16
84846264,1C:7E:E5
84846264,28:10:7B
84846264,84:C9:B2
84846264,CC:B2:55
84846264,14:D6:4D
84846264,C8:BE:19
84921462,90:F6:52
85286162,00:8E:F2
85444728,00:21:29
85444728,00:21:91
85794355,1C:BD:B9
85964411,00:24:17
85964411,00:26:CE
86530323,D4:BF:7F
86641807,28:28:5D
86893440,40:F2:01
87057777,00:1A:2B
87218808,00:1C:F0
87613863,D0:AE:EC
87650000,00:24:C9
87650000,00:26:42
87653801,34:8A:AE
87654321,38:72:C0
87938344,BC:EE:7B
87995802,D8:FB:5E
87995802,D4:7B:B0
88019776,D0:AE:EC
88218315,34:8A:AE
88257264,D0:AE:EC
88899900,7A:D1:5E
88921497,08:76:FF
88999000,7A:D1:5E
89201322,00:18:E7
89201322,00:1D:19
89201322,00:21:29
89201322,00:19:70
89290622,1C:7E:E5
90004463,BC:EE:7B
90025336,74:D0:2B
90524396,34:8A:AE
90803914,00:1C:F0
90832062,94:44:52
90849525,F4:EC:38
90849525,50:67:F0
90896141,00:1F:CE
90923155,98:FC:11
90992267,B8:A3:86
90992267,1C:7E:E5
90992267,14:D6:4D
90992267,28:10:7B
90992267,BC:F6:85
90992267,C8:BE:19
90992267,7C:03:4C
91215655,F8:D1:11
91453071,90:E6:BA
91560513,64:87:D7
91797195,90:F6:52
91913436,BC:76:70
92002043,74:D0:2B
92037032,54:A0:50
92141403,5C:33:8E
92148123,62:C7:14
92173646,00:18:E7
92173646,00:1D:19
92173646,00:21:29
92173646,00:19:70
92788200,14:A9:E3
92892767,54:04:A6
93484828,5C:33:8E
93504858,34:8A:AE
94237924,BC:EE:7B
94273874,00:18:E7
94453377,F4:EC:38
94831614,B8:9B:C9
95073778,34:8A:AE
95090511,00:26:CE
95127286,00:1F:CE
95517867,D0:AE:EC
95524429,A0:21:87
95707145,14:DA:E9
95750772,60:A4:4C
95862530,88:25:2C
95876911,30:39:F2
95876911,74:88:8B
95876911,A4:52:6F
95876911,DC:0B:1A
95918437,2C:AB:25
96288272,F0:82:61
96416659,00:0C:42
96416659,00:0E:E8
96416659,00:14:D1
96450983,F0:82:61
97079154,20:4E:7F
97418146,F0:82:61
97501305,34:8A:AE
97517810,AC:22:0B
97581406,1C:7E:E5
97861816,F0:82:61
97869216,90:F6:52
97888211,F4:EC:38
97888211,50:67:F0
98059449,54:67:51
98236183,10:7B:EF
98784851,98:97:D1
98848850,F4:EC:38
98848850,50:67:F0
98998452,F8:C0:91
99146724,E0:91:15
99146724,19:15:C1
99175913,2C:E4:12
99175913,7C:03:D8
99175913,D8:6C:E9
99175913,14:D6:4D
99175913,1C:7E:E5
99175913,28:10:7B
99175913,84:C9:B2
99175913,B8:A3:86
99175913,BC:F6:85
99175913,C8:BE:19
99175913,C8:D3:A3
99175913,CC:B2:55
99175913,FC:75:16
99175913,20:4E:7F
99175913,4C:17:EB
99175913,18:62:2C
99667890,74:D0:2B
99699314,34:8A:AE
46335461,E4:BE:ED
69778870,E0:60:66
21690299,E0:60:66
49159008,EC:08:6B
62930000,EC:43:F6
02276103,F8:C0:91
11446958,00:24:17
31011193,00:24:17
60418579,1C:7E:E5
22609298,1C:7E:E5
69382161,58:6D:8F
47158382,58:6D:8F
75332662,7C:4F:B5
72688656,7C:4F:B5
76916144,00:05:CA
73851738,00:05:CA
93395274,34:08:04
36022656,34:08:04
93645348,94:44:52
26023809,94:44:52
97744757,00:24:01
31011193,00:24:01
64637129,00:18:E7
22310298,00:18:E7
15537782,00:18:E7
66026402,00:1D:19
64637129,00:1D:19
22310298,00:1D:19
95221021,30:46:9A
30592407,30:46:9A
19482417,30:46:9A
82744458,00:21:29
64637129,00:21:29
22310298,00:21:29
27615126,74:44:01
10052648,74:44:01
00446747,74:44:01
88202907,D0:D4:12
73767053,D0:D4:12
43297917,D0:D4:12
19756967,D0:D4:12
18355604,D0:D4:12
16702738,D0:D4:12
16538061,D0:D4:12
13409708,D0:D4:12
76871559,D0:AE:EC
67791088,D0:AE:EC
58441640,D0:AE:EC
49570724,D0:AE:EC
46275288,D0:AE:EC
43419012,D0:AE:EC
36831678,D0:AE:EC
12263813,D0:AE:EC
06235307,D0:AE:EC
95048147,F4:EC:38
91726681,F4:EC:38
72344071,F4:EC:38
67971862,F4:EC:38
52594809,F4:EC:38
51660567,F4:EC:38
44947477,F4:EC:38
42768777,F4:EC:38
26599625,F4:EC:38
23380622,F4:EC:38
19634173,F4:EC:38
18674095,F4:EC:38
11288879,F4:EC:38
09165847,F4:EC:38
05884889,F4:EC:38
04898702,F4:EC:38
03419724,F4:EC:38
91345080,5C:33:8E
85776104,5C:33:8E
82848439,5C:33:8E
78963641,5C:33:8E
78614062,5C:33:8E
73968597,5C:33:8E
60387400,5C:33:8E
53842763,5C:33:8E
39657053,5C:33:8E
33685984,5C:33:8E
30999022,5C:33:8E
30414129,5C:33:8E
15986511,5C:33:8E
11765592,5C:33:8E
04581277,5C:33:8E
03015162,5C:33:8E
00764025,5C:33:8E
21464065,C8:D3:A3
20172527,B8:A3:86
43944552,7C:D3:4C
47392717,00:0C:C3
20172527,38:72:C0
18836486,38:72:C0
71537573,D8:61:94
16035232,F8:8E:85
19117652,F8:8E:85
20172527,F8:8E:85
71537573,EC:C1:46
71537573,E4:C1:46
95755212,DC:53:7C
64874487,DC:53:7C
58945537,DC:53:7C
79082020,DC:53:7C
79082020,5C:35:3B
58945537,5C:35:3B
64874487,5C:35:3B
95755212,5C:35:3B
31348034,E4:C1:46
10009321,E4:C1:46
11866428,40:4A:03
77775078,00:1A:2B
51340865,00:1A:2B
16495265,00:1A:2B
21143892,00:1A:2B
88478760,00:1A:2B
20329761,FC:F5:28
11967859,30:39:F2
13409708,30:39:F2
16538061,30:39:F2
16702738,30:39:F2
18355604,30:39:F2
19756967,30:39:F2
43297917,30:39:F2
47148826,30:39:F2
73767053,30:39:F2
88202907,30:39:F2
88202907,74:88:8B
73767053,74:88:8B
47148826,74:88:8B
43297917,74:88:8B
19756967,74:88:8B
18355604,74:88:8B
16702738,74:88:8B
16538061,74:88:8B
13409708,74:88:8B
11967859,74:88:8B
11967859,A4:52:6F
13409708,A4:52:6F
16538061,A4:52:6F
16702738,A4:52:6F
18355604,A4:52:6F
19756967,A4:52:6F
43297917,A4:52:6F
47148826,A4:52:6F
73767053,A4:52:6F
88202907,A4:52:6F
88202907,DC:0B:1A
73767053,DC:0B:1A
47148826,DC:0B:1A
43297917,DC:0B:1A
19756967,DC:0B:1A
18355604,DC:0B:1A
16702738,DC:0B:1A
16538061,DC:0B:1A
13409708,DC:0B:1A
11967859,DC:0B:1A
zhao,F4:C7:14
zhao,20:2B:C1
zhao,30:87:30
zhao,5C:4C:A9
zhao,62:A8:E4
zhao,62:B6:86
zhao,62:C0:6F
zhao,62:C6:1F
zhao,62:C7:14
zhao,62:E8:7B
zhao,62:23:3D
zhao,62:3C:E4
zhao,62:3D:FF
zhao,62:53:D4
zhao,62:55:9C
zhao,62:6B:D3
zhao,62:7D:5E
zhao,62:1D:67
zhao,62:96:BF
zhao,62:CD:BE
zhao,62:CB:A8
zhao,64:16:F0
zhao,6A:08:8B
zhao,6A:1D:67
zhao,6A:23:3D
zhao,6A:3D:FF
zhao,6A:53:D4
zhao,6A:55:9C
zhao,6A:6B:D3
zhao,6A:7D:5E
zhao,6A:A8:E4
zhao,6A:C0:6F
zhao,6A:C6:1F
zhao,6A:C7:14
zhao,6A:CD:BE
zhao,6A:D1:5E
zhao,6A:D1:67
zhao,6A:96:BF
zhao,6A:CB:A8
zhao,72:A8:E4
zhao,72:C0:6F
zhao,72:C7:14
zhao,72:D1:5E
zhao,72:E8:7B
zhao,72:1D:67
zhao,72:3C:E4
zhao,72:3D:FF
zhao,72:53:D4
zhao,72:55:9C
zhao,72:6B:D3
zhao,72:7D:5E
zhao,72:CB:A8
zhao,72:CD:BE
zhao,72:C6:1F
zhao,72:96:BF
zhao,9C:C1:72
zhao,08:7A:4C
zhao,0C:96:BF
zhao,14:B9:68
zhao,D0:7A:B5
zhao,E8:CD:2D
zhao,88:E3:AB
zhao,20:08:ED
zhao,08:63:61
zhao,84:DB:AC
zhao,00:22:75
zhao,08:86:3B
zhao,00:1C:DF
zhao,00:A0:26
zhao,50:57:F0
zhao,00:A0:B6
zhao,C8:D1:5E
zhao,E4:7C:F9
zhao,80:1F:02
zhao,00:22:F7
zhao,00:1D:1A
zhao,C8:3A:35
zhao,00:B0:0C
zhao,08:10:75
zhao,64:70:02
zhao,B0:48:7A
zhao,F8:D1:11
zhao,A0:F3:C1
zhao,F8:1A:67
zhao,00:1F:1F
zhao,00:26:CE
zhao,00:26:5B
zhao,68:B6:FC
zhao,78:8D:F7
zhao,BC:14:01
zhao,68:B6:CF
zhao,B4:75:0E
zhao,00:1E:A6
zhao,00:0C:F6
zhao,B2:46:FC
zhao,E2:41:36
zhao,F8:1B:FA
zhao,5C:A3:9D
zhao,D8:6C:E9
zhao,DC:71:44
zhao,EC:23:3D
zhao,CC:5D:4E
zhao,00:15:77
zhao,00:0A:52
zhao,00:0C:B9
zhao,04:C0:6F
zhao,28:5F:DB
zhao,34:6B:D3
zhao,78:A6:89
zhao,80:B6:86
zhao,84:A8:E4
zhao,B4:74:9F
zhao,BC:76:70
zhao,CC:96:A0
zhao,F8:3D:FF
trend,D8:EB:97
trend,00:14:D1
trend,3C:8C:F8
dlink,C8:D3:A3
arcady,84:9C:A6
arcady,74:31:70
arcady,88:03:55
arcady,1C:C6:3C
arcady,50:7E:5D
arcady,00:12:BF
zhao,90:8D:78
dlink,90:8D:78
53890894,58:98:35
32184129,62:C7:14
96955908,"64:66:6б"
41719565,68:C0:6F
04161608,6A:1D:67
55748162,7A:D1:5E
000999888,7A:D1:5E
00948135,7C:4F:B5
44960452,80:1F:02
78100053,84:1B:5E
62327145,84:C9:B2
35065647,84:C9:B2
50455652,84:C9:B2
56892963,84:C9:B2
12808014,84:C9:B2
03526859,88:25:2C
74425648,88:25:2C
71259987,8C:CA:32
17035419,90:E6:BA
15094148,90:F6:52
16558205,90:F6:52
59179719,90:F6:52
61296879,90:F6:52
26412948,90:F6:52
86412728,90:F6:52
54027794,94:44:52
43944552,94:FE:F4
55132909,98:FC:11
93532655,98:FC:11
92442559,A0:21:87
01318104,A0:21:B7
20172527,AC:22:0B
77502896,AC:E8:7B
54335677,B0:48:7A
23659391,B4:74:9F
46264848,B8:A3:86
43433414,B8:A3:86
19217581,B8:A3:86
76229909,B8:A3:86
41613849,B8:9B:C9
63431919,BC:76:70
03917961,BC:F6:85
46264848,BC:F6:85
23469754,BC:F6:85
78985933,C0:C1:C0
04840954,C0:C1:C0
51419981,C4:3D:C7
20205287,C4:3D:C7
26252384,C4:3D:C7
26214702,C4:3D:C7
26013084,C4:3D:C7
01756401,C8:3A:35
11195207,C8:3A:35
46264848,C8:60:00
59900887,C8:D5:FE
53084682,CC:5D:4E
51565220,CC:5D:4E
28889601,CC:5D:4E
52469466,CC:5D:4E
12345670,CC:96:77
78985933,CC:96:77
25032918,CO:3F:0E
99956042,D4:BF:7F
21158766,DC:0B:1A
63865141,D8:5D:4C
42764199,E0:91:15
49945386,E0:91:F5
62987523,E0:CB:4E
1244046,E0:CB:4E
35737841,EC:43:F6
"003900ее",E0:CB:4E
"427152ее",E0:CB:4E
05556724,E0:CB:4E
35769576,F0:7D:68
40188492,F0:7D:68
26016573,F0:7D:68
03617984,F0:7D:68
47158382,F4:3E:61
69382161,F4:3E:61
12345670,F4:C7:14
51419981,F4:C7:14
28296720,F4:EC:38
77335449,F4:EC:38
34194614,F8:1A:67
53983466,F8:1A:67
25905892,F8:3D:FF
99956042,F8:C0:91
55651219,F8:D1:11
19024387,F8:D1:11
68102661,F8:D1:11
25888805,F8:D1:11
46264848,FC:75:16
38855566,FC:75:16
63396638,00:19:15
64103747,00:21:29
95891705,00:21:29
78202962,00:26:44
49780871,00:26:44
18836486,00:38:72
15471628,00:48:7A
30447028,00:0C:F1
15624697,00:1A:2B
66026402,00:1D:7E
88420707,00:1D:73
21207136,00:4F:62
20064525,50:67:F0
26599625,50:67:F0
18674095,50:67:F0
91726681,50:67:F0
44947477,50:67:F0
05884889,50:67:F0
8253600,50:67:F0
52594809,50:67:F0
51660567,50:67:F0
95048147,50:67:F0
19634173,50:67:F0
72344071,50:67:F0
03419724,50:67:F0
11288879,50:67:F0
67971862,50:67:F0
23380622,50:67:F0
42768777,50:67:F0
04898702,50:67:F0
09165847,50:67:F0
69382161,50:67:F0
21250491,08:86:3B
79205177,40:4A:03
45197079,20:4E:7F
85560130,00:1D:CE
12345678,38:72:C0
95374611,00:26:24
76971464,00:26:5A
17068161,1A:0B:40
16546615,00:18:02
20956455,08:10:74
48247818,00:22:3F
85521162,00:1F:1F
85521261,00:1F:1F
85544482,00:1F:1F
50540686,72:3D:FF
22643223,10:C6:1F
20700737,14:D6:4D
64535203,14:D6:4D
02917092,54:6E:FC
59900887,00:22:6B
13648947,00:4F:67
79412988,08:76:FF
31008167,14:D6:D4
37272937,00:1D:D1
28390046,00:26:5B
55349758,1C:BD:B9
70313376,1C:BD:B9
78091597,00:25:9C
42473534,4C:60:DE
22958143,4C:60:DE
53550866,4C:60:DE
49143836,00:1D:D2
58542132,00:1D:D2
14550126,00:1D:D2
51348014,00:23:69
44960452,00:24:A5
54080812,00:23:CD
21101021,50:46:5D
46540010,50:46:5D
31028325,54:04:A6
04561842,90:F6:52
00000001,E4:C1:46
47415270,E4:C1:46
00000001,68:F9:56
28113065,00:18:E7
47837249,00:18:E7
78091597,00:19:18
64637129,00:19:70
22310298,00:19:70
17084215,00:1A:A9
15624697,00:1A:A9
18836486,00:1A:A9
00622905,00:1E:58
14169809,00:1F:CE
68272159,00:1F:CE
82744458,00:21:91
84957986,00:22:B0
62969833,00:22:B0
10987957,00:24:01
34693841,00:24:8C
00005678,00:24:C9
12345670,00:26:18
00005678,00:26:42
17245685,00:26:5A
96119433,00:26:5A
57147680,00:26:5A
17539012,00:26:5A
11446958,00:26:CE
10770511,00:26:CE
32754544,00:26:CE
28161141,00:26:CE
09735651,00:26:CE
11508335,00:26:CE
11450764,00:26:CE
11515562,00:26:CE
11432401,00:26:CE
11455776,00:26:CE
11516705,00:26:CE
11509059,00:26:CE
11483465,00:26:CE
11480044,00:26:CE
16260870,00:26:CE
11472964,00:26:CE
19315195,00:26:CE
74623853,00:26:CE
85419124,00:26:CE
29667451,00:26:CE
30329591,00:26:CE
05051267,00:26:CE
94033182,00:26:CE
61101012,00:26:CE
15483607,00:26:E8
20172527,02:10:18
82426965,08:60:6E
67212101,08:60:6E
16797963,08:60:6E
04398554,08:60:6E
63112047,10:BF:48
58755808,10:BF:48
86689830,10:BF:48
08208422,10:BF:48
56681864,10:BF:48
20172527,14:14:4B
00265744,14:A9:E3
00288729,14:A9:E3
82912994,14:DA:E9
54170759,14:DA:E9
62327145,18:62:2C
94559118,18:62:2C
50896035,18:62:2C
25576672,18:62:2C
49912821,18:62:2C
53451514,18:62:2C
42764199,19:15:C1
10240762,1C:7E:E5
62327145,1C:7E:E5
46264848,1C:7E:E5
76229909,1C:7E:E5
47650237,1C:7E:E5
71544816,1C:BD:B9
88285931,1C:BD:B9
48347723,1C:BD:B9
18641486,1C:BD:B9
17230407,1C:BD:B9
25833591,1C:BD:B9
69457661,1C:BD:B9
21072246,20:4E:7F
21822704,20:4E:7F
21164965,20:4E:7F
19951683,20:4E:7F
62327145,20:4E:7F
46264848,28:10:7B
69475764,28:10:7B
20172527,28:10:7B
08206282,28:28:5D
70814668,28:28:5D
33332192,2C:39:96
73481959,2C:AB:25
22639660,2C:B0:5D
10864111,2C:E4:12
15624697,2C:E4:12
20172527,2C:E4:12
18576313,2C:E4:12
31957199,2C:E4:12
62327145,2C:E4:12
60126115,30:85:A9
44337483,34:08:04
89819661,34:08:04
35994305,34:8A:AE
51381288,34:8A:AE
63232493,34:8A:AE
57955438,34:8A:AE
20046965,34:8A:AE
68755218,34:8A:AE
79405096,34:8A:AE
26932934,34:8A:AE
18127515,34:8A:AE
50310579,34:8A:AE
46955777,34:8A:AE
26344386,34:8A:AE
46346711,34:8A:AE
51500276,34:8A:AE
46439093,34:8A:AE
08130174,34:8A:AE
60214041,34:8A:AE
81553303,34:8A:AE
18698251,34:8A:AE
67715428,34:8A:AE
00608626,34:8A:AE
10835678,34:8A:AE
69342509,34:8A:AE
09883994,34:8A:AE
60014016,34:8A:AE
83569524,34:8A:AE
93032414,34:8A:AE
41399699,34:8A:AE
32208214,34:8A:AE
63926996,34:8A:AE
77764416,34:8A:AE
45662461,34:8A:AE
67327263,34:8A:AE
15901057,34:8A:AE
90949708,34:8A:AE
13180324,34:8A:AE
19639741,34:8A:AE
57907482,34:8A:AE
87737059,34:8A:AE
41985342,34:8A:AE
86072953,34:8A:AE
85840539,34:8A:AE
64398723,34:8A:AE
78985933,38:60:77
02443003,40:16:7E
78159952,40:4A:03
94544121,40:4A:03
32725674,40:4A:03
39582355,40:4A:03
08597618,40:F2:01
36426034,40:F2:01
30344471,40:F2:01
04439868,40:F2:01
36869473,40:F2:01
72451021,40:F2:01
37960216,48:5B:39
78091597,4C:17:EB
32600087,50:67:A0
51504472,50:46:5D
52418501,54:A0:50
22435842,54:A0:50
03243008,54:A0:50
12430246,54:A0:50
23073029,54:A0:50
39028983,54:04:A6
73399612,54:04:A6
76729829,54:04:A6
10556405,58:6D:8F
00145022,60:A4:4C
91502100,60:A4:4C
23085008,60:A4:4C
00060301,60:A4:4C
27705759,60:A4:4C
43021024,60:A4:4C
81331055,5C:D9:98
96955908,"64:66:6С"
80831761,64:70:02
63352009,74:D0:2B
68147648,74:D0:2B
23351202,74:D0:2B
09876699,74:D0:2B
22312204,74:D0:2B
34020029,74:D0:2B
16404656,74:D0:2B
02750002,78:24:AF
05312146,78:24:AF
41340417,78:24:AF
25016147,78:24:AF
23155107,78:24:AF
41130506,78:24:AF
23439641,78:24:AF
43132027,78:24:AF
35320708,78:24:AF
42178002,78:24:AF
03900147,78:24:AF
00128032,78:24:AF
62685481,78:54:2E
00099988,7A:D1:5E
10864111,7C:03:D8
15624697,7C:03:D8
20172527,7C:03:D8
18576313,7C:03:D8
31957199,7C:03:D8
62327145,7C:03:D8
46264848,84:C9:B2
21058516,A0:21:B7
01871579,AC:22:0B
42326304,AC:22:0B
58568354,AC:22:0B
04511441,AC:22:0B
12720408,AC:9E:17
89396483,B0:B2:DC
85614000,B8:A3:86
55450850,B8:A3:86
99705053,B8:A3:86
11251286,BC:AE:C5
77469755,BC:AE:C5
28665007,BC:AE:C5
55277624,BC:EE:7B
42973249,BC:EE:7B
34317303,BC:EE:7B
36440009,BC:EE:7B
03536810,BC:EE:7B
20320300,BC:EE:7B
12134526,BC:EE:7B
45302206,BC:EE:7B
44383978,BC:EE:7B
25032918,C0:3F:0E
10107683,C4:A8:1D
89595923,C8:60:00
42566212,C8:6C:87
38188442,C8:91:F9
66138464,C8:D3:A3
35403845,CC:5D:4E
46264848,CC:B2:55
34102480,D4:BF:7F
36719327,D4:BF:7F
46147905,D4:BF:7F
49424065,D4:BF:7F
32229608,D4:BF:7F
45919503,D4:BF:7F
32303322,D4:BF:7F
32303568,D4:BF:7F
32208481,D4:BF:7F
42123026,D4:BF:7F
00412445,D8:50:E6
08360243,D8:50:E6
20442064,D8:50:E6
20625221,D8:50:E6
10864111,D8:6C:E9
15624697,D8:6C:E9
20172527,D8:6C:E9
18576313,D8:6C:E9
31957199,D8:6C:E9
62327145,D8:6C:E9
51073053,D8:FE:E3
98972210,E0:CB:4E
55672245,E0:CB:4E
37195014,E0:CB:4E
73306283,E0:CB:4E
19448046,E8:94:F6
42714880,EC:43:F6
05556724,EC:43:F6
65786840,F0:7D:68
07640254,F0:7D:68
93656184,F0:7D:68
42706816,F0:7D:68
07088971,F0:82:61
07159435,F0:82:61
23526396,F0:82:61
64181479,F0:82:61
61816879,F0:82:61
02915586,F0:82:61
53756084,F0:82:61
98809585,F0:82:61
61483248,F0:82:61
38905469,F0:82:61
05651375,F0:82:61
18038736,F0:82:61
54739628,F0:82:61
51343392,F0:82:61
35415657,F0:82:61
27288269,F0:82:61
73540717,F4:6D:04
77187444,F4:6D:04
63895674,F4:6D:04
25489989,F8:C0:91
15537782,00:14:D1
49385052,F8:8E:85
12715657,F8:8E:85
94495089,54:67:51
46300096,54:67:51
twentyeight,20:0B:C7
twentyeight,48:46:FB
twentyeight,D4:6A:A8
twentyeight,F8:4A:BF
thirtytwo,00:07:26
thirtytwo,D8:FE:E3
thirtytwo,1C:5F:2B
thirtytwo,48:EE:0C
thirtytwo,90:8D:78
thirtytwo,2C:AB:25
thirtytwo,10:BF:48
thirtytwo,14:DA:E9
thirtytwo,30:85:A9
thirtytwo,50:46:5D
thirtytwo,54:04:A6
thirtytwo,C8:60:00
thirtytwo,F4:6D:04
thirtytwo,80:1F:02
airocon,00:17:7C
airocon,00:1A:EF
airocon,78:8C:54
airocon,94:FB:B2
airocon,BC:96:80
airocon,F4:3E:61
airocon,FC:8B:97
arcady,38:22:9D
asus,08:60:6E
asus,10:BF:48
asus,10:C3:7B
asus,14:DD:A9
asus,1C:87:2C
asus,1C:B7:2C
asus,2C:56:DC
asus,30:5A:3A
asus,38:2C:4A
asus,40:16:7E
asus,50:46:5D
asus,54:A0:50
asus,60:A4:4C
asus,74:D0:2B
asus,78:24:AF
asus,AC:22:0B
asus,AC:9E:17
asus,BC:EE:7B
asus,D8:50:E6
asus,E0:3F:49
asus,F8:32:E4
asus,00:17:7C
asus,00:1E:A6
asus,04:8D:38
asus,08:10:77
asus,08:10:78
asus,08:10:79
asus,2C:AB:25
asus,3C:1E:04
asus,48:EE:0C
asus,54:B8:0A
asus,64:51:7E
asus,64:D9:54
asus,6C:19:8F
asus,6C:72:20
asus,6C:FD:B9
asus,94:FB:B2
asus,AC:A2:13
asus,B8:55:10
asus,BC:34:00
asus,BC:96:80
asus,D8:FE:E3
asus,F4:3E:61
asus,FC:8B:97
asus,70:62:B8
asus,78:54:2E
asus,C4:12:F5
asus,C4:A8:1D
asus,E8:CC:18
asus,EC:22:80
20172527,AC:F1:DF
20172527,BC:F6:85
20172527,C8:D3:A3
20172527,98:8B:5D
20172527,00:1A:A9
20172527,EC:62:64
46264848,14:D6:4D
46264848,C8:BE:19
76229909,14:D6:4D
76229909,28:10:7B
76229909,BC:F6:85
76229909,C8:BE:19
76229909,7C:03:4C
62327145,14:D6:4D
62327145,28:10:7B
62327145,B8:A3:86
62327145,BC:F6:85
62327145,C8:BE:19
62327145,FC:75:16
62327145,4C:17:EB
dlink1,00:18:E7
dlink1,00:19:5B
dlink1,00:1C:F0
dlink1,00:1E:58
dlink1,00:21:91
dlink1,00:22:B0
dlink1,00:24:01
dlink1,00:26:5A
dlink1,14:D6:4D
dlink1,1C:7E:E5
dlink1,34:08:04
dlink1,5C:D9:98
dlink1,84:C9:B2
dlink1,B8:A3:86
dlink1,C8:BE:19
dlink1,C8:D3:A3
dlink1,CC:B2:55
dlink1,00:14:D1
dlink,14:D6:4D
dlink,1C:7E:E5
dlink,28:10:7B
dlink,84:C9:B2
dlink,B8:A3:86
dlink,C0:A0:BB
dlink,CC:B2:55
dlink,FC:75:16
dlink,00:14:D1
dlink,D8:EB:97
68175542,00:26:5A
68175542,1C:BD:B9
68175542,34:08:04
68175542,5C:D9:98
68175542,84:C9:B2
68175542,FC:75:16
35611530,80:1F:02
35611530,00:E0:4C
34259283,00:66:4B
34259283,08:63:61
34259283,08:7A:4C
34259283,0C:96:BF
34259283,14:B9:68
34259283,20:08:ED
34259283,24:69:A5
34259283,34:6B:D3
34259283,78:6A:89
34259283,88:E3:AB
34259283,9C:C1:72
34259283,AC:E2:15
34259283,D0:7A:B5
34259283,CC:A2:23
34259283,E8:CD:2D
34259283,F8:01:13
34259283,F8:3D:FF
99956042,78:44:76
99956042,00:14:D1
95661469,00:0C:42
95661469,00:0E:E8
20854836,F8:C0:91
54768642,D0:0F:6D
asus,9C:5C:8E
70795660,D4:7B:B0
18794786,E4:C1:46
15738370,E4:C1:46
10009321,D8:61:94
31348034,D8:61:94
18794786,D8:61:94
15738370,D8:61:94
01234567,00:1A:2B
38163289,10:7B:EF
31506519,64:87:D7
16825321,64:87:D7
18708622,64:87:D7
64578835,64:87:D7
10705513,E0:41:36
29342273,E0:41:36
42000648,00:AC:E0
42000648,08:3E:0C
42000648,E8:3E:FC
71537573,04:8D:38
16259553,5A:8E:85
54768642,00:0C:43
16633254,00:07:26
26693781,F8:D1:11
26168258,00:8E:F2
63402865,28:C6:8E
66240532,A0:F3:C1
91338860,C0:4A:00
21503870,C8:BE:19
57752785,E8:DE:27
thirtytwo,10:62:EB
67774128,D8:FB:5E
14550911,D8:FB:5E
20859978,D8:FB:5E
70795660,D8:FB:5E
67774128,D4:7B:B0
14550911,D4:7B:B0
20859978,D4:7B:B0
29342273,98:97:D1
10705513,98:97:D1
18297492,98:97:D1
85713642,98:97:D1
29342273,34:57:60
29342273,32:57:60
10705313,34:57:60
10705313,E0:41:36
10705313,32:57:60
18297492,34:57:60
18297492,E0:41:36
18297492,32:57:60
85713642,34:57:60
85713642,E0:41:36
85713642,32:57:60
45484896,00:01:23
98076086,00:1C:A8
72486931,00:1C:A8
30083721,00:1C:A8
90754142,00:1C:A8
38214615,00:1C:A8
80881278,00:1C:F0
41930809,00:1C:F0
99756086,00:1C:F0
29255795,00:1C:F0
65640692,00:1C:F0
86564021,00:1C:F0
83599170,00:1C:F0
34463093,00:1F:C6
47548787,FC:F5:28
67958146,00:26:24
67958146,44:32:C8
67958146,88:F7:C7
67958146,CC:03:FA
05294176,D4:BF:7F
43977680,D4:BF:7F
95661469,00:14:D1
21143892,18:F1:45
12345670,00:19:FC
12345670,F8:85:C9
26848185,00:14:D1
12345670,F4:3E:62
12345670,00:1D:CF
12345670,00:0C:C3
12345670,90:F6:52
12345670,20:89:86
12345670,A0:EC:80
12345670,54:22:F8
12345670,F0:84:C9
12345670,E0:51:63
12345670,F8:63:94
12345670,F8:1B:FA
12345670,F8:ED:80
12345670,F8:C3:46
12345670,F8:7F:35
12345670,F8:8B:86
12345670,F8:7F:39
12345670,F8:BF:53
12345670,F8:0F:D9
12345670,F8:FB:56
12345670,84:16:F9
12345670,F4:3E:61
12345670,00:1F:A4
12345670,00:19:15
16259553,F8:8E:85
18836486,F8:8E:85
12715657,D8:B6:B7
49385052,D8:B6:B7
13090586,D4:7B:B0
14738340,D4:7B:B0
20172527,D8:B6:B7
asus,60:45:CB
54772373,84:C9:B2
62327145,C8:D3:A3
62327145,CC:B2:55
68728236,18:62:2C
31957199,14:D6:4D
31957199,1C:7E:E5
31957199,28:10:7B
31957199,84:C9:B2
31957199,B8:A3:86
31957199,BC:F6:85
31957199,C8:BE:19
31957199,C8:D3:A3
31957199,CC:B2:55
31957199,FC:75:16
31957199,20:4E:7F
31957199,4C:17:EB
31957199,18:62:2C
10864111,14:D6:4D
10864111,1C:7E:E5
10864111,28:10:7B
10864111,84:C9:B2
10864111,B8:A3:86
10864111,BC:F6:85
10864111,C8:BE:19
10864111,C8:D3:A3
10864111,CC:B2:55
10864111,FC:75:16
10864111,20:4E:7F
10864111,4C:17:EB
10864111,18:62:2C
vacante,E4:6F:13
vacante,80:26:89
vacante,74:B5:7E
vacante,10:62:EB
vacante,A0:AB:1B
vacante,00:0E:8F
vacante,D4:21:22
vacante,CA:A3:66
vacante,78:96:82
vacante,10:BE:F5
vacante,E0:60:66
vacante,EC:22:80
vacante,1C:5F:2B
vacante,74:DA:DA
11277576,D8:FB:5E
11317890,D8:FB:5E
14738340,D8:FB:5E
22388414,D8:FB:5E
53741134,D8:FB:5E
92504462,98:97:D1
15848789,98:97:D1
59249115,98:97:D1
61969063,98:97:D1
vacante,68:A0:F6
vacante,2C:95:7F
vacante,D4:76:EA
vacante,78:81:02
asus,24:20:C7
asus,24:7F:20
asus,7C:26:64
asus,88:A6:C6
asus,90:4D:4A
asus,90:72:82
asus,F8:AB:05
vacante,D4:60:E3
vacante,9C:D6:43
30432031,18:1E:78
30432031,40:F2:01
30432031,44:E9:DD
30432031,D0:84:B0
71412252,84:A4:23
71412252,8C:10:D4
71412252,88:A6:C6
asus,10:7B:44
vacante,0C:96:BF
vacante,20:F3:A3
vacante,C8:D1:5E
95719115,00:72:63
95719115,E4:BE:ED
zhao,00:E0:20
zhao,0E:5D:4E
zhao,2A:28:5D
zhao,32:B2:DC
zhao,38:17:66
zhao,40:4A:03
zhao,4E:5D:4E
zhao,8E:5D:4E
zhao,CE:5D:4E
zhao,E2:43:F6
zhao,4C:9E:FF
asus,2C:FD:A1
asus,38:D5:47
asus,70:4D:7B
asus,B0:6E:BF
asus,D0:17:C2
thirtytwo,FC:8B:97
thirtytwo,E8:CC:18
00003926,EC:43:F6
00635288,50:67:F0
00999888,7A:D1:5E
07887796,E0:60:66
16453364,E4:BE:ED
30167220,F8:C0:91
80095194,EC:08:6B
99209612,E0:60:66
48563710,08:C6:B3
dlink1,D8:EB:97
35606543,00:01:38
07651564,00:02:6F
29985685,00:04:ED
19951683,00:04:ED
18625790,00:07:26
10847138,00:07:26
12345670,00:07:26
58764015,00:08:A1
81857401,00:0A:26
22498403,00:0A:52
41236079,00:0A:EB
40053707,00:0B:3B
70066647,00:0B:85
49659948,00:0C:F6
12345678,00:11:22
40431628,00:11:32
22144874,00:11:32
87648898,00:11:32
22910240,00:11:32
34296462,00:11:A3
12345670,00:11:E6
14755989,00:13:F7
48703970,00:13:F7
06017637,00:13:F7
86986304,00:14:D1
57243368,00:14:D1
75099992,00:14:D1
22640086,00:16:0A
90467912,00:18:E7
37017422,00:18:E7
71095837,00:18:E7
90427145,00:18:E7
79489515,00:18:E7
41759745,00:18:E7
04286631,00:18:E7
00000000,00:18:E7
00123457,00:19:15
41174722,00:19:15
12345670,00:19:18
12345670,00:19:70
18836486,00:1A:2B
12454389,00:1A:2B
54063945,00:1A:3F
34214183,00:1A:3F
31957199,00:1A:A9
12345670,00:1A:EF
84794079,00:1B:11
36494002,00:1B:11
38377433,00:1C:28
40770765,00:1C:DF
12345670,00:1D:19
88171449,00:1D:6A
12345670,00:1D:6A
26723129,00:1D:CD
12345670,00:1D:CE
11234555,00:1D:CF
36800230,00:1D:D0
61581944,00:1D:D2
11677672,00:1D:D6
12345670,00:1E:2A
04387411,00:1E:E5
58227046,00:1F:1F
59762454,00:1F:9F
74673841,00:1F:9F
83712630,00:1F:9F
91261960,00:1F:CE
15624697,00:1F:CE
00717625,00:21:29
00009980,00:21:29
28423737,00:21:91
07364679,00:21:91
12345670,00:22:02
14335068,00:22:6B
12885381,00:22:75
25751118,00:22:75
14989346,00:22:75
53704825,00:22:75
34922453,00:22:75
29221790,00:22:75
44058685,00:22:75
38243899,00:22:75
23124684,00:22:75
22478481,00:22:75
80795438,00:22:75
62288644,00:22:75
92854048,00:22:93
92937208,00:22:93
35860167,00:22:B0
60530004,00:22:F7
25853209,00:22:F7
23096004,00:22:F7
26834481,00:22:F7
37591267,00:23:69
37842048,00:23:69
21379666,00:23:CD
91866882,00:24:01
78671294,00:24:01
45558221,00:24:01
60530004,00:24:01
81320820,00:24:01
84207302,00:24:17
11248729,00:24:A5
89425671,00:24:B2
38686191,00:24:B2
37449858,00:24:B2
19805672,00:25:9C
19004938,00:25:D3
78202962,00:26:24
79594295,00:26:5A
03888070,00:26:5A
36290512,00:26:5A
12157259,00:26:5A
51592905,00:26:5A
15488107,00:26:5B
36277216,00:26:5B
91514257,00:26:5B
82068899,00:26:5B
30027602,00:26:5B
61203402,00:26:CE
10805794,00:26:CE
09752214,00:26:CE
11003229,00:26:CE
95661469,00:26:CE
32312966,00:26:F2
64426679,00:26:F2
37380342,00:26:F2
00852401,00:27:11
12345678,00:27:22
87491562,00:32:20
51798161,00:4A:77
62012089,00:4A:77
43887842,00:4A:77
42567646,00:4A:77
10124314,00:4A:77
13948696,00:60:64
71876160,00:60:64
17002318,00:60:64
00112633,00:60:64
00372152,00:60:64
00555831,00:60:64
00600732,00:60:64
00061937,00:60:64
00665988,00:60:64
85275560,00:66:4B
30236066,00:86:10
74956203,00:8E:F2
50791810,00:8E:F2
95755212,00:8E:F2
50491810,00:8E:F2
23715448,00:8E:F2
43662203,00:8E:F2
39246189,00:90:4C
38384127,00:90:8F
38322921,00:90:8F
42390480,00:90:8F
68477035,00:90:A9
81349487,00:A0:26
84385727,00:A0:26
82244521,00:A0:26
83368929,00:A0:26
84302403,00:A0:26
01234567,00:AA:DD
03771204,00:AC:E0
49693928,00:B0:0C
10157268,00:B6:B7
17033473,00:B6:B7
28752455,00:BE:F2
79679190,00:D0:41
27549391,00:E0:4B
09752214,00:E0:4C
14169809,00:F1:CE
24684323,00:F8:1C
11234555,01:1D:CF
00022169,02:10:18
01234567,04:8D:38
61499065,04:8D:38
42401605,04:92:26
08182173,04:C0:6F
35404187,04:C0:6F
08776297,04:C0:6F
04759386,04:C0:6F
20912505,08:10:74
63458374,08:10:76
94502992,08:3E:8E
01287042,08:60:6E
24530361,08:63:61
79199124,08:76:FF
00012436,08:80:39
14129162,08:86:3B
34968611,08:86:3B
87279320,08:86:3B
36323364,08:86:3B
08112118,08:86:3B
83469909,08:86:3B
14159114,08:86:3B
76726446,08:86:3B
28812838,08:95:2A
86925583,08:ED:B9
82585297,0C:54:A5
80554448,0C:72:2C
24838023,0C:80:63
12345670,0C:96:BF
12345678,0C:96:E6
53172297,10:0D:7F
58829431,10:5F:06
03061053,10:7B:44
30543362,10:BE:F5
04032052,10:BF:48
18382501,10:FE:ED
00246330,10:FE:ED
96238936,10:FE:ED
08825270,10:FE:ED
93878845,10:FE:ED
57275062,10:FE:ED
01878738,10:FE:ED
41349489,10:FE:ED
36286034,14:14:4B
03617984,14:A9:E3
00344463,14:A9:E3
51321086,14:B9:68
12310319,14:CC:20
52394775,14:CC:20
44686871,14:D6:4D
59185239,14:D6:4D
46020383,14:D6:4D
25434668,14:D6:4D
62538893,14:D6:4D
61151765,14:D6:4D
54951600,14:D6:4D
53856999,14:D6:4D
81103980,14:DA:E9
12345670,17:AD:1E
59229933,18:28:61
12345670,18:4F:32
05150960,18:A6:F7
88767000,18:A6:F7
75829544,18:A6:F7
60631596,18:A6:F7
07338526,18:D6:C7
01742671,18:D6:C7
09410176,18:D6:C7
66378617,18:D6:C7
17075404,18:D6:C7
12345670,19:15:C1
45678965,19:DC:ED
69865879,1C:5F:2B
15843128,1C:74:0D
37967635,1C:7E:E5
92433960,1C:7E:E5
60206732,1C:7E:E5
27343043,1C:7E:E5
65126141,1C:7E:E5
43580293,1C:7E:E5
12345670,1C:A5:32
48612661,1C:AF:F7
50928248,1C:AF:F7
12663309,1C:AF:F7
00448864,1C:AF:F7
20164065,1C:AF:F7
98134496,1C:AF:F7
60629890,1C:AF:F7
13351939,1C:BD:B9
08441461,1C:C6:3C
79952514,1E:3E:84
19303594,20:2B:C1
01239980,20:2B:C1
70050219,20:73:55
54789609,20:AA:4B
32275841,20:AA:4B
96716977,20:AA:4B
66363194,20:AA:4B
77898951,20:CF:30
25905892,20:F3:A3
15584953,22:4E:7F
29432349,22:BC:1A
28981572,22:BC:F2
23071841,24:00:BA
10201480,24:09:95
12345678,24:1F:A0
21464065,28:10:7B
66202240,28:28:5D
26517643,28:3B:82
08007117,28:5F:DB
00009980,28:5F:DB
52721113,28:BE:9B
27161395,28:C6:8E
09103214,2C:4D:54
41052068,2C:56:DC
07144721,2C:95:7F
12345670,2C:AB:25
47888777,2C:AB:25
34412916,2C:AB:25
18625790,2C:AB:25
14393426,2C:AB:25
10847138,2C:AB:25
70205404,2C:AB:25
33736082,2C:AB:25
21464065,2C:AE:E4
27257210,2C:B0:5D
52231858,2C:B0:5D
11534624,2C:B0:5D
72522233,2C:B0:5D
19537511,2C:B0:5D
42375852,2C:B0:5D
70092523,2C:B0:5D
17054850,2C:B0:5D
87205732,2C:B0:5D
11239208,2C:B0:5D
74155279,2C:B0:5D
87221541,2C:B0:5D
92085251,2C:B0:5D
52718380,2C:B0:5D
46218230,2C:B0:5D
09820852,2C:B0:5D
23950313,2C:B0:5D
07753695,2C:B0:5D
75863869,2C:B0:5D
12090006,2C:B0:5D
37523077,2C:B0:5D
06686635,2C:B0:5D
45476013,2C:B0:5D
38941476,2C:B0:5D
54510555,2C:B0:5D
33033631,2C:B0:5D
12523146,2C:B0:5D
05835010,2C:FD:A1
12820078,30:39:F2
05537303,30:39:F2
11915140,30:39:F2
13880996,30:39:F2
15116574,30:39:F2
15584151,30:39:F2
17342711,30:39:F2
17368759,30:39:F2
18511000,30:39:F2
19142029,30:39:F2
19783871,30:39:F2
21158766,30:39:F2
24100489,30:39:F2
64630113,30:39:F2
74184095,30:39:F2
75886264,30:39:F2
77828491,30:39:F2
78551312,30:39:F2
92537309,30:39:F2
94862423,30:39:F2
18001907,30:39:F2
12345670,30:39:F2
27334959,30:46:9A
37489014,30:46:9A
37496081,30:46:9A
37494650,30:46:9A
37490034,30:46:9A
40184708,30:46:9A
40166148,30:46:9A
30176683,30:46:9A
27016497,30:46:9A
33102320,30:46:9A
21703003,30:46:9A
30022645,30:46:9A
38940972,30:46:9A
89039830,30:5A:3A
78365230,30:91:8F
39837875,34:08:04
23556676,34:08:04
56364675,34:08:0F
13419622,34:4B:50
87972122,34:4D:EA
43218141,34:97:F6
73235880,34:BA:9A
09656802,34:CD:BE
00779876,38:22:9D
05537303,38:22:9D
11967859,38:22:9D
12749355,38:22:9D
13409708,38:22:9D
13849238,38:22:9D
15116574,38:22:9D
16538061,38:22:9D
16811836,38:22:9D
19986951,38:22:9D
26427195,38:22:9D
29942275,38:22:9D
42497868,38:22:9D
47148826,38:22:9D
75284930,38:22:9D
77828491,38:22:9D
88202907,38:22:9D
92537309,38:22:9D
90998980,38:2C:4A
12475407,38:59:F9
12345670,38:60:77
94380507,38:60:77
15624697,38:72:C0
18811728,38:72:C0
00029186,38:72:C0
49385052,38:72:C0
12715657,38:72:C0
16035232,38:72:C0
19117652,38:72:C0
38993923,38:99:39
21200502,38:D5:47
12345678,3C:47:11
76629909,3C:81:D6
31957199,3C:81:D8
28504610,3E:50:0F
74395675,40:4A:03
48085793,44:09:D4
25732726,48:5B:39
20917784,48:E1:73
86351386,4C:09:D4
43944552,4C:17:EB
12345670,4C:17:EB
01322934,4C:60:DE
31836289,4C:60:DE
22297235,4C:60:DE
31015424,4C:60:DE
82585297,4C:72:B9
96606674,4C:72:B9
20661731,4C:72:B9
04260681,4C:8B:EF
85064409,4C:8B:EF
85121003,4C:ED:FB
63666922,4C:FB:45
60998125,4C:FB:45
51217563,4E:26:D4
83010910,50:46:5D
01101027,50:46:5D
64214306,50:46:5D
32120127,50:46:5D
66026402,50:67:F0
12608065,50:67:F0
12204786,50:67:F0
69923326,54:04:A6
38014789,54:04:A6
65979754,54:65:DE
48616584,54:B8:0A
19280066,54:BE:F7
82585297,54:BE:F7
11199083,54:D4:6F
99731281,54:D4:6F
53525659,54:E6:FC
66394662,54:E6:FC
41942826,54:E6:FC
93464239,54:E6:FC
96517062,54:E6:FC
00846363,54:E6:FC
53473226,54:E6:FC
14204968,54:E6:FC
67387953,58:6D:8F
37110802,58:6D:8F
43059089,58:6D:8F
68045753,58:6D:8F
36232925,58:98:35
78568242,58:98:35
56217391,58:98:35
13128562,58:98:35
00001604,58:98:35
40798011,58:98:35
30102019,58:98:35
43279593,58:98:35
90000000,5A:F1:02
12345670,5C:33:8E
61449206,5C:33:8E
93017749,5C:33:8E
87391107,5C:33:8E
37810573,5C:33:8E
45413896,5C:33:8E
12345670,5C:35:3B
64774487,5C:35:3B
47385580,5C:35:3B
46577450,5C:57:1A
11554424,5C:D9:98
67554409,5C:D9:98
22630964,5C:D9:98
54353640,5C:F9:6A
36743025,60:E3:27
56163926,60:E3:27
20102043,60:E3:27
23956544,60:E3:27
34125335,60:E3:27
83476532,60:E3:27
86227728,60:E3:27
09845237,60:E3:27
59642114,60:E3:27
31486811,60:E3:27
26790732,60:E3:27
08791320,60:E3:27
24890687,60:E3:27
09981331,60:E3:27
48122726,60:E3:27
38142178,60:E3:27
47477445,60:E3:27
28381204,60:E3:27
52029288,62:3D:FF
21884603,62:53:D4
25415001,62:6B:D3
73609605,62:6B:D3
72931806,62:6B:D3
73088325,62:7D:5E
74459520,62:96:BF
51194529,62:A8:E4
34160923,62:A8:E4
32473841,62:A8:E4
32571240,62:A8:E4
53249722,62:A8:E4
34585849,62:C0:6F
36691524,62:C0:6F
33405049,62:C0:6F
34404808,62:C7:14
65770528,62:CD:BE
43183319,64:27:37
48838924,64:44:B3
89285701,64:66:37
33357553,64:66:B3
99807986,64:66:B3
34519523,64:66:B3
58576816,64:66:B3
42973409,64:66:B3
15636447,64:66:B3
59228738,64:66:B3
49971606,64:66:B3
23629769,64:66:B3
87120448,64:66:B3
00967907,64:66:B3
81890576,64:66:B3
76627705,64:70:02
17141390,64:70:02
84909053,64:70:02
83123412,64:70:02
18756784,64:70:02
05549566,64:70:02
89786048,64:70:02
39031457,64:70:02
51325671,64:70:02
56098389,64:70:02
51512064,64:70:02
01672145,64:70:02
09571051,64:70:02
86711654,64:70:02
70782905,64:70:02
34198131,64:D9:54
12345670,64:D9:54
42901174,68:7F:74
68623227,68:7F:74
94126198,68:7F:74
58743249,68:7F:74
82380243,68:B6:FC
05842803,68:B6:FC
23137042,68:B6:FC
16141209,68:B6:FC
41873281,68:C0:6F
35645726,6A:23:3D
53582522,6A:3D:FF
22711403,6A:53:D4
70481921,6A:6B:D3
74399000,6A:7D:5E
73357643,6A:96:BF
51016128,6A:A8:E4
51011727,6A:A8:E4
51099442,6A:A8:E4
44574886,6A:C0:6F
36433124,6A:C0:6F
36715725,6A:C0:6F
34052648,6A:C0:6F
44547886,6A:C0:6F
32179323,6A:C7:14
32060003,6A:C7:14
25032918,6A:C7:14
48385923,6A:CB:A8
11171409,6C:FD:B9
72895443,6F:3A:C8
01670011,70:4D:7B
16538061,70:56:81
05208807,70:8B:CD
42860808,72:08:8B
04432326,72:1D:67
36228645,72:23:3D
53015921,72:3D:FF
52597329,72:3D:FF
00287203,72:55:9C
08075963,72:55:9C
70626209,72:6B:D3
72687444,72:96:BF
31763523,72:A8:E4
51319045,72:A8:E4
51728649,72:A8:E4
31514644,72:A8:E4
67943432,72:AC:67
38691645,72:C0:6F
34548004,72:C7:14
75293284,72:E3:70
31547208,74:44:01
45226823,74:44:01
03132692,74:44:01
12345670,74:44:01
11250562,74:44:01
87293593,74:44:01
04300106,74:44:01
59451595,74:44:01
14043123,74:44:01
57415109,74:44:01
13362416,74:44:01
39747129,74:44:01
94380507,74:85:2A
00779876,74:88:8B
05537303,74:88:8B
10212004,74:88:8B
10555569,74:88:8B
11161189,74:88:8B
11915140,74:88:8B
12820078,74:88:8B
13588106,74:88:8B
14058400,74:88:8B
14321054,74:88:8B
15116574,74:88:8B
15584151,74:88:8B
17342711,74:88:8B
17908214,74:88:8B
18001907,74:88:8B
19379982,74:88:8B
21158766,74:88:8B
24100489,74:88:8B
29942275,74:88:8B
42497868,74:88:8B
45014451,74:88:8B
58952153,74:88:8B
64630113,74:88:8B
75886264,74:88:8B
77828491,74:88:8B
78551312,74:88:8B
92537309,74:88:8B
94862423,74:88:8B
12345670,74:88:8B
88478760,74:88:8B
14145629,74:88:8B
14904950,74:88:8B
82435707,74:88:8B
37211202,74:EA:3A
22512864,74:EA:3A
25877274,74:EA:3A
36189946,74:EA:3A
05788940,74:EA:3A
15513526,74:EA:3A
21426087,74:EA:3A
83854125,74:EA:3A
88202907,77:88:8B
12345678,78:44:76
91639561,78:54:2E
88202907,78:88:8B
53482488,78:8D:F7
12345670,78:D9:9F
12788921,78:E4:00
79348416,79:13:79
29374601,7A:4D:8E
41092606,7A:53:D4
27987445,7A:5F:DB
25142457,7B:48:77
43944552,7C:03:4C
12345670,7C:03:4C
11105824,7C:03:4C
51394554,7C:4F:B5
35642596,7C:4F:B5
13245670,7C:4F:B5
12345670,7C:4F:B5
75101565,7C:7D:3D
12345670,7C:D3:4C
41441282,7D:CC:54
12345670,80:1F:02
26713366,80:1F:02
59420484,80:1F:02
71733388,80:1F:02
85173057,80:3F:5D
38484636,80:B6:86
19355801,80:D0:9B
17744683,84:16:F9
59669210,84:16:F9
06866723,84:16:F9
48588584,84:16:F9
28721611,84:16:F9
66667629,84:16:F9
65680483,84:16:F9
40553078,84:16:F9
21120374,84:1B:5E
48062435,84:1B:5E
06042547,84:1B:5E
07017643,84:1B:5E
29167012,84:1B:5E
73312055,84:1B:5E
11996361,84:1B:5E
12345670,84:74:2B
12345670,84:9C:A6
84257123,84:C9:B2
12345670,84:C9:B2
27786598,84:C9:B2
28037286,84:C9:B2
44163334,84:C9:B2
18575675,88:03:55
35642596,88:25:2C
25643981,88:E2:74
00502207,88:E3:AB
22263896,8C:0C:22
02991172,8C:0C:A3
40371211,8C:0C:A3
71259987,8C:0C:A3
82079541,8C:0C:A3
28233275,8C:0C:A3
58565704,8C:0C:A3
22547121,8C:0C:A3
25811612,8C:0C:A3
55573532,8C:0C:A3
19236833,8C:0C:A3
21942103,8C:0C:A3
16630230,8C:0C:A3
27429498,8C:0C:A3
38517804,8C:0C:A3
63167314,8C:0C:A3
15750143,8C:0C:A3
79350379,8C:0C:A3
77984513,8C:0C:A3
79845133,8C:0C:A3
73709271,8C:0C:A3
88235322,8C:0C:A3
12274869,8C:0C:A3
82327121,8C:0C:A3
41197126,8C:0C:A3
63299984,8C:0C:A3
51505262,8C:0C:A3
04766278,8C:0C:A3
12106264,8C:0C:A3
22247322,8C:0C:A3
91144560,8C:0C:A3
18625790,8C:A9:82
00000000,8C:EB:C6
71756837,90:5C:44
96603086,90:C7:92
02716985,90:C7:92
38225505,90:C7:92
85398573,90:C7:92
95817149,90:F6:52
20917784,90:F6:52
56738209,90:F6:52
59820000,90:F6:52
31315036,90:F6:52
65723081,90:F6:52
85438996,90:F6:52
87883282,90:F6:52
26555898,90:F6:52
01715224,90:F6:52
31581431,90:F6:52
91090430,90:F6:52
31718851,90:F6:52
51979850,90:F6:52
56339420,90:F6:52
59955467,90:F6:52
78110830,90:F6:52
91191229,90:F6:52
23619128,90:F6:52
44538811,90:F6:52
64836157,90:F6:52
76556098,90:F6:52
09834811,90:F6:52
44938161,90:F6:52
51161484,90:F6:52
70231540,90:F6:52
80335092,90:F6:52
94966503,90:F6:52
96932407,90:F6:52
93661171,90:F6:52
09489530,90:F6:52
64776835,90:F6:52
57644660,90:F6:52
33046518,90:F6:52
42823551,90:F6:52
71083490,90:F6:52
62530248,90:F6:52
47081116,90:F6:52
43701742,90:F6:52
49759051,90:F6:52
73964759,90:F6:52
81431472,90:F6:52
13496654,90:F6:52
80777229,90:F6:52
02325385,90:F6:52
31969529,90:F6:52
59020905,90:F6:52
44632267,90:F6:56
06292379,94:0C:6D
61465275,94:0C:6D
15310828,94:44:52
29874590,94:44:52
08318725,94:44:52
17579957,94:44:52
08983954,94:44:52
88154473,94:44:52
73532866,94:44:52
40011851,94:44:52
06835590,94:44:52
90017810,94:44:52
49071924,94:44:52
12604821,94:44:52
79488082,94:44:52
80733409,94:44:52
81050925,94:44:52
41238806,94:4A:0C
12345670,98:8B:5D
07266881,98:97:D1
84280848,98:97:D1
63201048,98:97:D1
30726437,98:97:D1
73691365,98:97:D1
34474242,98:97:D1
28230274,98:97:D1
12345678,98:DE:D0
04888703,98:DE:D0
13415679,98:F5:37
21421112,98:FC:11
99756666,98:FC:11
33617503,98:FC:11
06699437,9C:97:26
73185321,9C:D2:4B
68109165,9C:D2:4B
00000001,9C:D2:4B
13419622,9C:D2:4B
39194282,9C:D6:43
39149138,A0:21:B7
41252147,A0:21:B7
80324560,A0:21:B7
82581507,A0:21:B7
25815078,A0:21:B7
22813503,A0:21:B7
11352464,A0:21:B7
47624313,A0:21:B7
92442559,A0:21:B7
81121496,A0:21:B7
43454044,A0:21:B7
86559256,A0:21:B7
33440279,A0:21:B7
15880208,A0:21:B7
53134424,A0:21:B7
72218013,A0:21:B7
01874341,A0:21:B7
43135479,A0:21:B7
51920104,A0:21:B7
26515274,A0:21:B7
84361455,A0:21:B7
71202358,A0:21:B7
12345679,A0:21:B7
51327330,A0:64:8F
62306157,A0:8E:78
44384494,A0:AB:1B
85016279,A0:AB:1B
21970726,A0:EC:80
03919934,A0:F3:C1
21047015,A4:2B:8C
36172856,A4:2B:B0
94862423,A4:52:6F
00779876,A4:52:6F
11161189,A4:52:6F
11915140,A4:52:6F
12820078,A4:52:6F
13588106,A4:52:6F
13849238,A4:52:6F
14058400,A4:52:6F
14522529,A4:52:6F
15116574,A4:52:6F
15397812,A4:52:6F
15584151,A4:52:6F
17908214,A4:52:6F
18001907,A4:52:6F
18511000,A4:52:6F
19783871,A4:52:6F
21362767,A4:52:6F
24100489,A4:52:6F
42497868,A4:52:6F
45014451,A4:52:6F
75886264,A4:52:6F
77828491,A4:52:6F
78551312,A4:52:6F
91403902,A4:52:6F
15328366,A4:52:6F
15938718,A4:52:6F
12345679,A4:52:6F
45550867,A4:52:6F
75090753,A4:B1:E9
67541270,A6:21:48
08593399,A8:D3:F7
31013628,A8:D3:F7
98011193,A8:D3:F7
69216664,A8:D3:F7
33109893,A8:D3:F7
15392275,A8:D3:F7
28612919,A8:F9:4B
03053447,AA:8D:D3
76334693,AA:BB:CC
02104003,AC:9E:17
39184412,AE:62:40
61116597,B0:48:7A
53171801,B0:48:7A
65822234,B0:48:7A
31400206,B0:48:7A
06465179,B0:48:7A
18668872,B0:48:7A
22637307,B0:48:7A
40176451,B0:48:7A
37493691,B0:48:7A
57739601,B0:48:7A
40184708,B0:48:7A
40166148,B0:48:7A
37505073,B0:48:7A
37494506,B0:48:7A
37494063,B0:48:7A
37489014,B0:48:7A
37496081,B0:48:7A
37494650,B0:48:7A
37490034,B0:48:7A
71625089,B0:48:7A
44860936,B0:48:7A
42686774,B0:48:7A
30643229,B0:48:7A
67375219,B0:48:7A
55427586,B0:48:7A
30366367,B0:5B:67
31187688,B0:5B:67
64327709,B0:6E:BF
47866591,B0:B2:DC
96799208,B2:46:FC
75033941,B4:0C:2A
19309972,B6:0D:75
59686873,B6:B0:D6
61596986,B8:69:F4
41613849,B8:9B:CB
60973375,B8:A3:86
49730449,B8:A3:86
13830724,B8:A3:86
19951683,B8:A3:86
37376826,B8:AE:86
49847925,BC:14:01
37211202,BC:75:D6
59515135,BC:76:70
34412916,BC:96:80
12345678,BC:AA:BB
48782265,BC:F6:85
21464065,BC:F6:85
75033941,BE:E3:C4
20607470,BF:06:F4
89346259,C0:25:E9
08645616,C0:25:E9
45445402,C0:3F:0E
49945386,C0:3F:0E
41138571,C0:3F:0E
13250003,C0:3F:0E
09302525,C0:3F:0E
14516894,C0:3F:0E
83143632,C0:3F:0E
63247435,C0:3F:0E
94751345,C0:3F:0E
50615056,C0:3F:0E
30702073,C0:3F:0E
53363480,C0:3F:0E
46182661,C0:4A:00
15706065,C0:4A:00
15268976,C0:4A:00
23682351,C0:4A:00
76746864,C0:4A:00
21249051,C0:4A:00
51644048,C0:4A:00
35747888,C0:4A:00
12345678,C0:54:A5
49070897,C0:7C:D1
12345670,C0:AC:54
96405628,C0:C1:C0
63797435,C0:C1:C0
27905814,C0:C1:C0
01101110,C0:C1:C0
64382913,C0:C1:C0
51542252,C0:F8:DA
12345670,C4:17:FE
82234515,C4:3D:C7
63753349,C4:3D:C7
20388560,C4:3D:C7
11695059,C4:6E:1F
73307334,C4:6E:1F
36545780,C4:6E:1F
72914908,C4:E9:84
79016018,C4:E9:84
84847621,C4:E9:84
43876969,C4:EA:1D
95685656,C5:28:D2
12345678,C8:17:60
28818885,C8:3A:35
11203124,C8:3A:35
11210085,C8:3A:35
11214809,C8:3A:35
11215042,C8:3A:35
11213840,C8:3A:35
11194569,C8:3A:35
11195764,C8:3A:35
11214885,C8:3A:35
11216643,C8:3A:35
05365852,C8:3A:35
48343763,C8:3A:35
61724242,C8:3A:35
12345678,C8:3A:35
60641687,C8:3A:35
15002648,C8:3A:35
61436800,C8:3A:35
18698800,C8:3A:35
02814087,C8:3A:35
38015687,C8:3A:35
23664173,C8:3A:35
62047043,C8:3A:35
11651123,C8:3A:35
12345670,C8:3D:D4
13113889,C8:51:95
66916468,C8:60:00
33452548,C8:60:00
53488954,C8:6C:87
71033884,C8:6C:87
83961984,C8:6C:87
40172910,C8:6C:87
04337706,C8:6C:87
40309125,C8:6C:87
41152256,C8:6C:87
43468379,C8:6C:87
73457756,C8:BE:19
17084215,C8:D3:A3
12345670,C8:D3:A3
19951683,C8:D3:A3
13950132,C8:D3:A3
03411964,C8:D3:A3
12345678,C8:D5:FE
90291333,C8:D7:19
12345670,CC:1A:FB
48919586,CC:5D:4E
52755248,CC:5D:4E
99904562,CC:5D:4E
65101483,CC:5D:4E
99517786,CC:5D:4E
65884102,CC:5D:4E
17481960,CC:7B:35
17503488,CC:7B:35
51191535,CC:96:A0
12345670,CC:96:A0
16118416,CC:96:A0
12349838,CC:96:A0
12349982,CC:96:A0
97354833,CC:B2:55
61041165,CC:B2:55
58473955,CC:B2:55
60977045,CC:B2:55
00082778,CC:B2:55
12345670,D0:0E:D9
12345670,D0:0F:6D
63220926,D0:AE:EC
23970472,D0:AE:EC
04325093,D0:AE:EC
35041054,D0:AE:EC
31433273,D0:AE:EC
97855996,D0:AE:EC
11248729,D0:AE:EC
52217388,D0:AE:EC
59432265,D0:AE:EC
77485625,D0:AE:EC
78597235,D0:AE:EC
92276337,D0:AE:EC
41496541,D0:AE:EC
73534136,D0:AE:EC
36925025,D0:AE:EC
82225524,D0:AE:EC
53269867,D0:AE:EC
06267124,D0:AE:EC
50405732,D0:AE:EC
30085084,D0:AE:EC
60858108,D0:AE:EC
11199083,D0:AE:EC
99731281,D0:AE:EC
65186206,D0:AE:EC
13226442,D0:AE:EC
10295175,D0:AE:EC
26019178,D0:AE:EC
43008827,D0:AE:EC
50256495,D0:AE:EC
75277048,D0:AE:EE
11161189,D0:D4:12
11915140,D0:D4:12
12749355,D0:D4:12
13588106,D0:D4:12
14145629,D0:D4:12
24100489,D0:D4:12
42497868,D0:D4:12
47148826,D0:D4:12
77828491,D0:D4:12
00187558,D4:21:22
43285632,D4:6E:0E
64843018,D4:6E:0E
76446825,D4:6E:0E
98852413,D4:7B:B0
11317890,D4:7B:B0
53741134,D4:7B:B0
22388414,D4:7B:B0
72768198,D4:7B:B0
11651659,D4:7B:B0
83914829,D4:7B:B0
36956074,D4:7B:B0
11277576,D4:7B:B0
16007666,D4:7B:B0
29342273,D4:7B:B0
18297492,D4:7B:B0
68325312,D8:0D:17
12345670,D8:0F:99
42642107,D8:50:E6
73448907,D8:5D:4C
13262204,D8:5D:4C
11997870,D8:5D:4C
18546774,D8:61:94
47415270,D8:61:94
63742336,D8:61:94
93782302,D8:61:94
66131533,D8:B6:B7
96567111,D8:B6:B7
18811728,D8:B6:B7
16035232,D8:B6:B7
18836486,D8:B6:B7
19117652,D8:B6:B7
37356569,D8:B6:B7
31850483,D8:EB:97
13419622,DC:02:8E
00779876,DC:0B:1A
05537303,DC:0B:1A
11915140,DC:0B:1A
12820078,DC:0B:1A
14058400,DC:0B:1A
15116574,DC:0B:1A
15584151,DC:0B:1A
16756205,DC:0B:1A
17342711,DC:0B:1A
18001907,DC:0B:1A
18511000,DC:0B:1A
19955087,DC:0B:1A
21124495,DC:0B:1A
21362767,DC:0B:1A
24100489,DC:0B:1A
29942275,DC:0B:1A
42497868,DC:0B:1A
45550867,DC:0B:1A
64630113,DC:0B:1A
74184095,DC:0B:1A
77828491,DC:0B:1A
78551312,DC:0B:1A
91403902,DC:0B:1A
92537309,DC:0B:1A
94862423,DC:0B:1A
12345670,DC:53:7C
29528165,DC:53:7C
00259590,DC:53:7C
46300096,DC:53:7C
95817149,DE:23:1B
59249115,E0:41:36
30022645,E0:46:9A
19004938,E0:46:9A
75401139,E0:46:9A
47386914,E0:46:9A
38452208,E0:46:9A
12345670,E0:69:95
00235211,E0:8F:EC
37380342,E0:91:F5
82234577,E0:91:F5
12345670,E0:91:F5
59584094,E0:91:F5
49884388,E0:CB:4E
89817841,E2:41:36
29612000,E2:41:36
19107011,E2:41:36
92008601,E2:41:36
15763297,E2:41:36
29187386,E4:3E:D7
60551085,E4:3E:D7
07281808,E4:3E:D7
78232099,E4:3E:D7
37706937,E4:3E:D7
12345670,E4:3E:D7
25753257,E4:6F:13
18546774,E4:C1:46
63742336,E4:C1:46
93782302,E4:C1:46
24248907,E4:C1:46
63668346,E4:C1:46
96453780,E4:C1:46
14309489,E8:39:DF
12345670,E8:40:F2
82585297,E8:40:F2
94380507,E8:40:F2
45892066,E8:94:F6
36264957,E8:94:F6
25289794,E8:94:F6
36129836,E8:94:F6
16065420,E8:94:F6
69476150,E8:94:F6
11192091,E8:AB:FA
32151688,E8:CD:2D
46240255,E8:D1:1B
30859098,E8:D1:1B
16615519,E8:D1:1B
08935946,E8:D1:1B
40033990,E8:D1:1B
66543404,E8:D1:1B
68663803,E8:DE:27
83331817,E8:DE:27
92674639,E8:DE:27
96323472,E8:DE:27
82398903,E8:DE:27
20422394,E8:DE:27
92292208,E8:DE:27
33030265,E8:DE:27
00934527,E8:DE:27
41322581,E8:DE:27
43537525,E8:DE:27
39078070,E8:DE:27
91439093,E8:DE:27
49312263,E8:DE:27
41511398,E8:DE:27
60267115,E8:DE:27
51192174,E8:ED:05
76308574,E8:F1:B0
46264848,E8:F1:B0
76229909,E8:F1:B0
12345670,EB:40:F2
18775655,EC:08:6B
19366838,EC:1A:59
95076522,EC:43:F6
37074005,EE:43:F6
01290141,F0:7D:68
00927659,F0:7D:68
10481769,F0:7D:68
68175242,F0:7D:68
18580754,F0:7D:68
80968344,F0:7D:68
51558352,F0:7D:68
02445908,F0:7D:68
34463512,F0:7D:68
93869577,F0:84:2F
18625790,F4:3E:61
79072205,F4:C7:14
32066968,F4:EC:38
05181667,F4:EC:38
99195038,F4:EC:38
48555524,F4:EC:38
12345678,F4:EC:38
25933291,F4:EC:38
48291477,F4:EC:38
45266065,F4:EC:38
66683407,F4:EC:38
82188184,F4:EC:38
86697934,F4:EC:38
11542216,F4:EC:38
62887485,F4:EC:38
41185315,F4:EC:38
96781593,F4:EC:38
82853600,F4:EC:38
44762810,F4:EC:38
25575583,F4:EC:38
85091153,F4:EC:38
75913038,F4:EC:38
50413812,F4:EC:38
62884785,F4:EC:38
15970039,F4:EC:38
67556366,F4:EC:38
18741452,F4:EC:38
60384164,F4:F2:6D
36308729,F4:F2:6D
13454050,F4:F2:6D
68280048,F4:F2:6D
62718943,F4:F2:6D
56769814,F4:F2:6D
46292230,F4:F2:6D
30307223,F4:F2:6D
81561360,F4:F2:6D
46247384,F4:F2:6D
60960542,F5:9B:36
12345670,F8:03:8E
06695972,F8:1A:67
78488113,F8:1A:67
92407213,F8:1A:67
68474836,F8:1A:67
14721359,F8:1A:67
88821344,F8:1A:67
50042227,F8:1A:67
36735600,F8:1A:67
04165415,F8:1A:67
65597231,F8:1A:67
06223038,F8:1A:67
68007591,F8:1A:67
29876150,F8:1A:67
76328640,F8:1A:67
12345678,F8:1A:FA
12345670,F8:27:C5
49531046,F8:3D:FF
92997233,F8:8B:37
66131533,F8:8E:85
96567111,F8:8E:85
18811728,F8:8E:85
64868653,F8:8E:85
22066640,F8:8E:C7
41441282,F8:D1:11
93834186,F8:D1:11
93802598,F8:D1:11
46337443,F8:D1:11
81315697,F8:D1:11
11801962,F8:D1:11
48155113,F8:D1:11
23229006,F8:D1:11
89754316,F8:D1:11
71031811,F8:D1:11
11212256,F8:D1:11
46518408,F8:D1:11
08114419,F8:D1:11
33984001,F8:D1:11
63687293,F8:D1:11
42852520,F8:D1:11
99611026,F8:D1:11
43290666,F8:D1:11
29692705,F8:D1:11
65636107,F8:D1:11
90552854,F8:D1:11
93609470,F8:D1:11
15316592,F8:D1:11
11997870,F8:D1:11
69018480,F8:D1:11
12345670,F8:E1:CF
71031811,F8:F1:11
11212256,F8:F1:11
46518408,F8:F1:11
08114419,F8:F1:11
12345670,F8:FB:53
12345670,FC:8B:97
34412916,FC:8B:97
12345670,FC:94:C3
39905628,FC:F5:28
66870913,FD:69:D0
67444076,FF:7F:D7
84109897,A8:5E:45
71756837,AC:22:05
32956092,A0:F3:C1
59435129,90:F6:52
49901658,C4:6E:1F
81659456,F8:D1:11
01736584,08:C6:B3
28892249,4C:09:B4
28892249,4C:AC:0A
28892249,9C:D2:4B
28892249,B0:75:D5
28892249,C8:64:C7
28892249,DC:02:8E
28892249,FC:C8:97
92456474,50:D4:F7
20854836,78:44:76
20854836,D4:BF:7F
99956042,14:4D:67
95755212,54:67:51
64874487,54:67:51
58945537,54:67:51
79082020,54:67:51
47385580,54:67:51
18297492,84:AA:9C
29342273,84:AA:9C
18297492,B2:46:FC
29342273,B2:46:FC
17404020,D8:B6:B7
18297492,E2:41:36
29342273,E2:41:36
40881768,50:0F:F5
48794558,C0:25:E9
12128532,D8:0D:17
57522821,1C:3B:F3
16552272,34:E8:94
15522702,E8:94:F6
50975792,A0:AB:1B
00327046,A0:AB:1B
96421734,A0:AB:1B
44915544,A0:AB:1B
88008905,A0:AB:1B
37210540,14:CC:20
57330457,14:CC:20
61347885,14:CC:20
57442709,14:CC:20
57304588,14:CC:20
77791498,14:CC:20
37830762,14:CC:20
81528196,14:CC:20
37275204,14:CC:20
61978713,A0:F3:C1
43782277,A0:F3:C1
59914570,C0:4A:00
60029881,C0:4A:00
44433314,C0:4A:00
60060334,C0:4A:00
57948843,C4:6E:1F
47935402,E8:DE:27
55970662,F8:1A:67
96838228,F8:1A:67
92245037,F8:D1:11
48344746,F8:D1:11
23991231,10:93:97
90784224,34:0A:33
98011735,D4:6E:0E
66268666,30:C5:0F
12345670,E8:2C:6D
02473000,30:5A:3A
04312833,94:44:52
09488724,94:44:52
51474867,00:26:5A
55196451,1C:7E:E5
38445729,64:66:B3
28244691,78:54:2E
33092621,B0:B9:8A
13317249,00:1E:E5
41042243,00:22:75
24929042,00:22:75
31247177,94:44:52
41391693,08:BF:B8
03304068,AC:22:0B
12345670,74:93:DA
